97,,,,,,,,,,,,,,,,,,,
71,,,,,,,,,,,,,,,,,,,
62,,,,,,,,,,,,,,,,,,,
46,,,,,,,,,,,,,,,,,,,
2,,,,,,,,,,,,,,,,,,,
38,,,,,,,,,,,,,,,,,,,
86,,,,,,,,,,,,,,,,,,,
15,,,,,,,,,,,,,,,,,,,
86,,,,,,,,,,,,,,,,,,,
60,,,,,,,,,,,,,,,,,,,
66,,,,,,,,,,,,,,,,,,,
25,,,,,,,,,,,,,,,,,,,
78,,,,,,,,,,,,,,,,,,,
72,,,,,,,,,,,,,,,,,,,
97,,,,,,,,,,,,,,,,,,,
9,,,,,,,,,,,,,,,,,,,
65,,,,,,,,,,,,,,,,,,,
83,,,,,,,,,,,,,,,,,,,
87,,,,,,,,,,,,,,,,,,,
62,,,,,,,,,,,,,,,,,,,
37,,,,,,,,,,,,,,,,,,,
35,,,,,,,,,,,,,,,,,,,
2,,,,,,,,,,,,,,,,,,,
80,,,,,,,,,,,,,,,,,,,
55,,,,,,,,,,,,,,,,,,,
99,,,,,,,,,,,,,,,,,,,
63,,,,,,,,,,,,,,,,,,,
62,,,,,,,,,,,,,,,,,,,
1,,,,,,,,,,,,,,,,,,,
42,,,,,,,,,,,,,,,,,,,
30,,,,,,,,,,,,,,,,,,,
35,,,,,,,,,,,,,,,,,,,
97,,,,,,,,,,,,,,,,,,,
61,,,,,,,,,,,,,,,,,,,
92,,,,,,,,,,,,,,,,,,,
33,,,,,,,,,,,,,,,,,,,
89,,,,,,,,,,,,,,,,,,,
54,,,,,,,,,,,,,,,,,,,
53,,,,,,,,,,,,,,,,,,,
11,,,,,,,,,,,,,,,,,,,
75,,,,,,,,,,,,,,,,,,,
53,,,,,,,,,,,,,,,,,,,
37,,,,,,,,,,,,,,,,,,,
75,,,,,,,,,,,,,,,,,,,
73,,,,,,,,,,,,,,,,,,,
67,,,,,,,,,,,,,,,,,,,
93,,,,,,,,,,,,,,,,,,,
6,,,,,,,,,,,,,,,,,,,
15,,,,,,,,,,,,,,,,,,,
10,,,,,,,,,,,,,,,,,,,
12,,,,,,,,,,,,,,,,,,,
23,,,,,,,,,,,,,,,,,,,
15,,,,,,,,,,,,,,,,,,,
65,,,,,,,,,,,,,,,,,,,
79,,,,,,,,,,,,,,,,,,,
9,,,,,,,,,,,,,,,,,,,
16,,,,,,,,,,,,,,,,,,,
29,,,,,,,,,,,,,,,,,,,
91,,,,,,,,,,,,,,,,,,,
50,,,,,,,,,,,,,,,,,,,
75,,,,,,,,,,,,,,,,,,,
71,,,,,,,,,,,,,,,,,,,
14,,,,,,,,,,,,,,,,,,,
44,,,,,,,,,,,,,,,,,,,
30,,,,,,,,,,,,,,,,,,,
31,,,,,,,,,,,,,,,,,,,
75,,,,,,,,,,,,,,,,,,,
17,,,,,,,,,,,,,,,,,,,
27,,,,,,,,,,,,,,,,,,,
11,,,,,,,,,,,,,,,,,,,
67,,,,,,,,,,,,,,,,,,,
11,,,,,,,,,,,,,,,,,,,
30,,,,,,,,,,,,,,,,,,,
23,,,,,,,,,,,,,,,,,,,
87,,,,,,,,,,,,,,,,,,,
84,,,,,,,,,,,,,,,,,,,
98,,,,,,,,,,,,,,,,,,,
27,,,,,,,,,,,,,,,,,,,
7,,,,,,,,,,,,,,,,,,,
35,,,,,,,,,,,,,,,,,,,
53,,,,,,,,,,,,,,,,,,,
4,,,,,,,,,,,,,,,,,,,
47,,,,,,,,,,,,,,,,,,,
38,,,,,,,,,,,,,,,,,,,
77,,,,,,,,,,,,,,,,,,,
54,,,,,,,,,,,,,,,,,,,
67,,,,,,,,,,,,,,,,,,,
32,,,,,,,,,,,,,,,,,,,
82,,,,,,,,,,,,,,,,,,,
83,,,,,,,,,,,,,,,,,,,
64,,,,,,,,,,,,,,,,,,,
60,,,,,,,,,,,,,,,,,,,
10,,,,,,,,,,,,,,,,,,,
50,,,,,,,,,,,,,,,,,,,
36,,,,,,,,,,,,,,,,,,,
51,,,,,,,,,,,,,,,,,,,
86,,,,,,,,,,,,,,,,,,,
93,,,,,,,,,,,,,,,,,,,
45,,,,,,,,,,,,,,,,,,,
89,,,,,,,,,,,,,,,,,,,
39,,,,,,,,,,,,,,,,,,,
76,,,,,,,,,,,,,,,,,,,
79,,,,,,,,,,,,,,,,,,,
4,,,,,,,,,,,,,,,,,,,
90,,,,,,,,,,,,,,,,,,,
1,,,,,,,,,,,,,,,,,,,
93,,,,,,,,,,,,,,,,,,,
92,,,,,,,,,,,,,,,,,,,
78,,,,,,,,,,,,,,,,,,,
42,,,,,,,,,,,,,,,,,,,
11,,,,,,,,,,,,,,,,,,,
89,,,,,,,,,,,,,,,,,,,
22,,,,,,,,,,,,,,,,,,,
3,,,,,,,,,,,,,,,,,,,
44,,,,,,,,,,,,,,,,,,,
71,,,,,,,,,,,,,,,,,,,
24,,,,,,,,,,,,,,,,,,,
76,,,,,,,,,,,,,,,,,,,
14,,,,,,,,,,,,,,,,,,,
23,,,,,,,,,,,,,,,,,,,
64,,,,,,,,,,,,,,,,,,,
90,,,,,,,,,,,,,,,,,,,
82,,,,,,,,,,,,,,,,,,,
44,,,,,,,,,,,,,,,,,,,
94,,,,,,,,,,,,,,,,,,,
7,,,,,,,,,,,,,,,,,,,
48,,,,,,,,,,,,,,,,,,,
27,,,,,,,,,,,,,,,,,,,
87,,,,,,,,,,,,,,,,,,,
83,,,,,,,,,,,,,,,,,,,
45,,,,,,,,,,,,,,,,,,,
52,,,,,,,,,,,,,,,,,,,
29,,,,,,,,,,,,,,,,,,,
65,,,,,,,,,,,,,,,,,,,
43,,,,,,,,,,,,,,,,,,,
77,,,,,,,,,,,,,,,,,,,
25,,,,,,,,,,,,,,,,,,,
90,,,,,,,,,,,,,,,,,,,
95,,,,,,,,,,,,,,,,,,,
76,,,,,,,,,,,,,,,,,,,
61,,,,,,,,,,,,,,,,,,,
22,,,,,,,,,,,,,,,,,,,
54,,,,,,,,,,,,,,,,,,,
87,,,,,,,,,,,,,,,,,,,
19,,,,,,,,,,,,,,,,,,,
22,,,,,,,,,,,,,,,,,,,
85,,,,,,,,,,,,,,,,,,,
54,,,,,,,,,,,,,,,,,,,
53,,,,,,,,,,,,,,,,,,,
65,,,,,,,,,,,,,,,,,,,
74,,,,,,,,,,,,,,,,,,,
10,,,,,,,,,,,,,,,,,,,
26,,,,,,,,,,,,,,,,,,,
22,,,,,,,,,,,,,,,,,,,
25,,,,,,,,,,,,,,,,,,,
96,,,,,,,,,,,,,,,,,,,
41,,,,,,,,,,,,,,,,,,,
82,,,,,,,,,,,,,,,,,,,
57,,,,,,,,,,,,,,,,,,,
83,,,,,,,,,,,,,,,,,,,
0,,,,,,,,,,,,,,,,,,,
66,,,,,,,,,,,,,,,,,,,
52,,,,,,,,,,,,,,,,,,,
42,,,,,,,,,,,,,,,,,,,
97,,,,,,,,,,,,,,,,,,,
6,,,,,,,,,,,,,,,,,,,
60,,,,,,,,,,,,,,,,,,,
57,,,,,,,,,,,,,,,,,,,
60,,,,,,,,,,,,,,,,,,,
67,,,,,,,,,,,,,,,,,,,
93,,,,,,,,,,,,,,,,,,,
81,,,,,,,,,,,,,,,,,,,
28,,,,,,,,,,,,,,,,,,,
38,,,,,,,,,,,,,,,,,,,
9,,,,,,,,,,,,,,,,,,,
42,,,,,,,,,,,,,,,,,,,
36,,,,,,,,,,,,,,,,,,,
95,,,,,,,,,,,,,,,,,,,
72,,,,,,,,,,,,,,,,,,,
19,,,,,,,,,,,,,,,,,,,
22,,,,,,,,,,,,,,,,,,,
94,,,,,,,,,,,,,,,,,,,
21,,,,,,,,,,,,,,,,,,,
22,,,,,,,,,,,,,,,,,,,
9,,,,,,,,,,,,,,,,,,,
35,,,,,,,,,,,,,,,,,,,
26,,,,,,,,,,,,,,,,,,,
7,,,,,,,,,,,,,,,,,,,
40,,,,,,,,,,,,,,,,,,,
94,,,,,,,,,,,,,,,,,,,
36,,,,,,,,,,,,,,,,,,,
90,,,,,,,,,,,,,,,,,,,
33,,,,,,,,,,,,,,,,,,,
12,,,,,,,,,,,,,,,,,,,
23,,,,,,,,,,,,,,,,,,,
95,,,,,,,,,,,,,,,,,,,
17,,,,,,,,,,,,,,,,,,,
12,,,,,,,,,,,,,,,,,,,
37,,,,,,,,,,,,,,,,,,,
13,,,,,,,,,,,,,,,,,,,
62,,,,,,,,,,,,,,,,,,,
28,,,,,,,,,,,,,,,,,,,
94,,,,,,,,,,,,,,,,,,,
86,,,,,,,,,,,,,,,,,,,
19,,,,,,,,,,,,,,,,,,,
40,,,,,,,,,,,,,,,,,,,
82,,,,,,,,,,,,,,,,,,,
88,,,,,,,,,,,,,,,,,,,
60,,,,,,,,,,,,,,,,,,,
30,,,,,,,,,,,,,,,,,,,
60,,,,,,,,,,,,,,,,,,,
93,,,,,,,,,,,,,,,,,,,
10,,,,,,,,,,,,,,,,,,,
85,,,,,,,,,,,,,,,,,,,
61,,,,,,,,,,,,,,,,,,,
6,,,,,,,,,,,,,,,,,,,
92,,,,,,,,,,,,,,,,,,,
30,,,,,,,,,,,,,,,,,,,
33,,,,,,,,,,,,,,,,,,,
9,,,,,,,,,,,,,,,,,,,
80,,,,,,,,,,,,,,,,,,,
0,,,,,,,,,,,,,,,,,,,
64,,,,,,,,,,,,,,,,,,,
13,,,,,,,,,,,,,,,,,,,
31,,,,,,,,,,,,,,,,,,,
3,,,,,,,,,,,,,,,,,,,
48,,,,,,,,,,,,,,,,,,,
63,,,,,,,,,,,,,,,,,,,
62,,,,,,,,,,,,,,,,,,,
14,,,,,,,,,,,,,,,,,,,
72,,,,,,,,,,,,,,,,,,,
24,,,,,,,,,,,,,,,,,,,
5,,,,,,,,,,,,,,,,,,,
59,,,,,,,,,,,,,,,,,,,
4,,,,,,,,,,,,,,,,,,,
41,,,,,,,,,,,,,,,,,,,
47,,,,,,,,,,,,,,,,,,,
82,,,,,,,,,,,,,,,,,,,
3,,,,,,,,,,,,,,,,,,,
16,,,,,,,,,,,,,,,,,,,
53,,,,,,,,,,,,,,,,,,,
85,,,,,,,,,,,,,,,,,,,
94,,,,,,,,,,,,,,,,,,,
57,,,,,,,,,,,,,,,,,,,
34,,,,,,,,,,,,,,,,,,,
90,,,,,,,,,,,,,,,,,,,
27,,,,,,,,,,,,,,,,,,,
95,,,,,,,,,,,,,,,,,,,
51,,,,,,,,,,,,,,,,,,,
17,,,,,,,,,,,,,,,,,,,
50,,,,,,,,,,,,,,,,,,,
87,,,,,,,,,,,,,,,,,,,
26,,,,,,,,,,,,,,,,,,,
28,,,,,,,,,,,,,,,,,,,
33,,,,,,,,,,,,,,,,,,,
62,,,,,,,,,,,,,,,,,,,
11,,,,,,,,,,,,,,,,,,,
81,,,,,,,,,,,,,,,,,,,
55,,,,,,,,,,,,,,,,,,,
63,,,,,,,,,,,,,,,,,,,
92,,,,,,,,,,,,,,,,,,,
66,,,,,,,,,,,,,,,,,,,
73,,,,,,,,,,,,,,,,,,,
46,,,,,,,,,,,,,,,,,,,
58,,,,,,,,,,,,,,,,,,,
36,,,,,,,,,,,,,,,,,,,
88,,,,,,,,,,,,,,,,,,,
51,,,,,,,,,,,,,,,,,,,
28,,,,,,,,,,,,,,,,,,,
67,,,,,,,,,,,,,,,,,,,
6,,,,,,,,,,,,,,,,,,,
57,,,,,,,,,,,,,,,,,,,
27,,,,,,,,,,,,,,,,,,,
64,,,,,,,,,,,,,,,,,,,
56,,,,,,,,,,,,,,,,,,,
42,,,,,,,,,,,,,,,,,,,
53,,,,,,,,,,,,,,,,,,,
7,,,,,,,,,,,,,,,,,,,
79,,,,,,,,,,,,,,,,,,,
41,,,,,,,,,,,,,,,,,,,
23,,,,,,,,,,,,,,,,,,,
0,,,,,,,,,,,,,,,,,,,
12,,,,,,,,,,,,,,,,,,,
45,,,,,,,,,,,,,,,,,,,
11,,,,,,,,,,,,,,,,,,,
32,,,,,,,,,,,,,,,,,,,
45,,,,,,,,,,,,,,,,,,,
77,,,,,,,,,,,,,,,,,,,
26,,,,,,,,,,,,,,,,,,,
42,,,,,,,,,,,,,,,,,,,
30,,,,,,,,,,,,,,,,,,,
66,,,,,,,,,,,,,,,,,,,
27,,,,,,,,,,,,,,,,,,,
87,,,,,,,,,,,,,,,,,,,
24,,,,,,,,,,,,,,,,,,,
34,,,,,,,,,,,,,,,,,,,
12,,,,,,,,,,,,,,,,,,,
48,,,,,,,,,,,,,,,,,,,
46,,,,,,,,,,,,,,,,,,,
98,,,,,,,,,,,,,,,,,,,
49,,,,,,,,,,,,,,,,,,,
76,,,,,,,,,,,,,,,,,,,
67,,,,,,,,,,,,,,,,,,,
84,,,,,,,,,,,,,,,,,,,
58,,,,,,,,,,,,,,,,,,,
40,,,,,,,,,,,,,,,,,,,
60,,,,,,,,,,,,,,,,,,,
62,,,,,,,,,,,,,,,,,,,
19,,,,,,,,,,,,,,,,,,,
38,,,,,,,,,,,,,,,,,,,
56,,,,,,,,,,,,,,,,,,,
4,,,,,,,,,,,,,,,,,,,
2,,,,,,,,,,,,,,,,,,,
14,,,,,,,,,,,,,,,,,,,
87,,,,,,,,,,,,,,,,,,,
39,,,,,,,,,,,,,,,,,,,
54,,,,,,,,,,,,,,,,,,,
28,,,,,,,,,,,,,,,,,,,
82,,,,,,,,,,,,,,,,,,,
26,,,,,,,,,,,,,,,,,,,
38,,,,,,,,,,,,,,,,,,,
58,,,,,,,,,,,,,,,,,,,
72,,,,,,,,,,,,,,,,,,,
86,,,,,,,,,,,,,,,,,,,
37,,,,,,,,,,,,,,,,,,,
40,,,,,,,,,,,,,,,,,,,
30,,,,,,,,,,,,,,,,,,,
87,,,,,,,,,,,,,,,,,,,
40,,,,,,,,,,,,,,,,,,,
69,,,,,,,,,,,,,,,,,,,
30,,,,,,,,,,,,,,,,,,,
5,,,,,,,,,,,,,,,,,,,
8,,,,,,,,,,,,,,,,,,,
28,,,,,,,,,,,,,,,,,,,
39,,,,,,,,,,,,,,,,,,,
94,,,,,,,,,,,,,,,,,,,
33,,,,,,,,,,,,,,,,,,,
75,,,,,,,,,,,,,,,,,,,
87,,,,,,,,,,,,,,,,,,,
18,,,,,,,,,,,,,,,,,,,
72,,,,,,,,,,,,,,,,,,,
83,,,,,,,,,,,,,,,,,,,
58,,,,,,,,,,,,,,,,,,,
35,,,,,,,,,,,,,,,,,,,
33,,,,,,,,,,,,,,,,,,,
73,,,,,,,,,,,,,,,,,,,
64,,,,,,,,,,,,,,,,,,,
13,,,,,,,,,,,,,,,,,,,
47,,,,,,,,,,,,,,,,,,,
32,,,,,,,,,,,,,,,,,,,
80,,,,,,,,,,,,,,,,,,,
31,,,,,,,,,,,,,,,,,,,
13,,,,,,,,,,,,,,,,,,,
20,,,,,,,,,,,,,,,,,,,
7,,,,,,,,,,,,,,,,,,,
91,,,,,,,,,,,,,,,,,,,
51,,,,,,,,,,,,,,,,,,,
28,,,,,,,,,,,,,,,,,,,
94,,,,,,,,,,,,,,,,,,,
65,,,,,,,,,,,,,,,,,,,
10,,,,,,,,,,,,,,,,,,,
20,,,,,,,,,,,,,,,,,,,
22,,,,,,,,,,,,,,,,,,,
97,,,,,,,,,,,,,,,,,,,
8,,,,,,,,,,,,,,,,,,,
51,,,,,,,,,,,,,,,,,,,
43,,,,,,,,,,,,,,,,,,,
21,,,,,,,,,,,,,,,,,,,
75,,,,,,,,,,,,,,,,,,,
40,,,,,,,,,,,,,,,,,,,
6,,,,,,,,,,,,,,,,,,,
26,,,,,,,,,,,,,,,,,,,
41,,,,,,,,,,,,,,,,,,,
64,,,,,,,,,,,,,,,,,,,
1,,,,,,,,,,,,,,,,,,,
55,,,,,,,,,,,,,,,,,,,
0,,,,,,,,,,,,,,,,,,,
37,,,,,,,,,,,,,,,,,,,
0,,,,,,,,,,,,,,,,,,,
11,,,,,,,,,,,,,,,,,,,
76,,,,,,,,,,,,,,,,,,,
17,,,,,,,,,,,,,,,,,,,
87,,,,,,,,,,,,,,,,,,,
55,,,,,,,,,,,,,,,,,,,
89,,,,,,,,,,,,,,,,,,,
46,,,,,,,,,,,,,,,,,,,
39,,,,,,,,,,,,,,,,,,,
88,,,,,,,,,,,,,,,,,,,
21,,,,,,,,,,,,,,,,,,,
95,,,,,,,,,,,,,,,,,,,
43,,,,,,,,,,,,,,,,,,,
52,,,,,,,,,,,,,,,,,,,
81,,,,,,,,,,,,,,,,,,,
69,,,,,,,,,,,,,,,,,,,
8,,,,,,,,,,,,,,,,,,,
52,,,,,,,,,,,,,,,,,,,
61,,,,,,,,,,,,,,,,,,,
8,,,,,,,,,,,,,,,,,,,
74,,,,,,,,,,,,,,,,,,,
82,,,,,,,,,,,,,,,,,,,
30,,,,,,,,,,,,,,,,,,,
43,,,,,,,,,,,,,,,,,,,
38,,,,,,,,,,,,,,,,,,,
54,,,,,,,,,,,,,,,,,,,
73,,,,,,,,,,,,,,,,,,,
54,,,,,,,,,,,,,,,,,,,
90,,,,,,,,,,,,,,,,,,,
49,,,,,,,,,,,,,,,,,,,
19,,,,,,,,,,,,,,,,,,,
99,,,,,,,,,,,,,,,,,,,
38,,,,,,,,,,,,,,,,,,,
14,,,,,,,,,,,,,,,,,,,
75,,,,,,,,,,,,,,,,,,,
83,,,,,,,,,,,,,,,,,,,
89,,,,,,,,,,,,,,,,,,,
93,,,,,,,,,,,,,,,,,,,
80,,,,,,,,,,,,,,,,,,,
14,,,,,,,,,,,,,,,,,,,
8,,,,,,,,,,,,,,,,,,,
62,,,,,,,,,,,,,,,,,,,
12,,,,,,,,,,,,,,,,,,,
55,,,,,,,,,,,,,,,,,,,
47,,,,,,,,,,,,,,,,,,,
27,,,,,,,,,,,,,,,,,,,
97,,,,,,,,,,,,,,,,,,,
1,,,,,,,,,,,,,,,,,,,
45,,,,,,,,,,,,,,,,,,,
19,,,,,,,,,,,,,,,,,,,
3,,,,,,,,,,,,,,,,,,,
49,,,,,,,,,,,,,,,,,,,
94,,,,,,,,,,,,,,,,,,,
39,,,,,,,,,,,,,,,,,,,
10,,,,,,,,,,,,,,,,,,,
18,,,,,,,,,,,,,,,,,,,
28,,,,,,,,,,,,,,,,,,,
33,,,,,,,,,,,,,,,,,,,
26,,,,,,,,,,,,,,,,,,,
33,,,,,,,,,,,,,,,,,,,
29,,,,,,,,,,,,,,,,,,,
35,,,,,,,,,,,,,,,,,,,
3,,,,,,,,,,,,,,,,,,,
37,,,,,,,,,,,,,,,,,,,
16,,,,,,,,,,,,,,,,,,,
69,,,,,,,,,,,,,,,,,,,
57,,,,,,,,,,,,,,,,,,,
76,,,,,,,,,,,,,,,,,,,
24,,,,,,,,,,,,,,,,,,,
45,,,,,,,,,,,,,,,,,,,.
27,,,,,,,,,,,,,,,,,,,
62,,,,,,,,,,,,,,,,,,,
19,,,,,,,,,,,,,,,,,,,
94,,,,,,,,,,,,,,,,,,,
47,,,,,,,,,,,,,,,,,,,
12,,,,,,,,,,,,,,,,,,,
17,,,,,,,,,,,,,,,,,,,
75,,,,,,,,,,,,,,,,,,,
43,,,,,,,,,,,,,,,,,,,
11,,,,,,,,,,,,,,,,,,,
4,,,,,,,,,,,,,,,,,,,
72,,,,,,,,,,,,,,,,,,,
56,,,,,,,,,,,,,,,,,,,
71,,,,,,,,,,,,,,,,,,,
93,,,,,,,,,,,,,,,,,,,
70,,,,,,,,,,,,,,,,,,,
5,,,,,,,,,,,,,,,,,,,
46,,,,,,,,,,,,,,,,,,,
51,,,,,,,,,,,,,,,,,,,
57,,,,,,,,,,,,,,,,,,,
2,,,,,,,,,,,,,,,,,,,
56,,,,,,,,,,,,,,,,,,,
14,,,,,,,,,,,,,,,,,,,
47,,,,,,,,,,,,,,,,,,,
32,,,,,,,,,,,,,,,,,,,
73,,,,,,,,,,,,,,,,,,,
59,,,,,,,,,,,,,,,,,,,
22,,,,,,,,,,,,,,,,,,,
86,,,,,,,,,,,,,,,,,,,
78,,,,,,,,,,,,,,,,,,,
17,,,,,,,,,,,,,,,,,,,
21,,,,,,,,,,,,,,,,,,,
77,,,,,,,,,,,,,,,,,,,
47,,,,,,,,,,,,,,,,,,,
39,,,,,,,,,,,,,,,,,,,
41,,,,,,,,,,,,,,,,,,,
77,,,,,,,,,,,,,,,,,,,
47,,,,,,,,,,,,,,,,,,,
92,,,,,,,,,,,,,,,,,,,
98,,,,,,,,,,,,,,,,,,,
48,,,,,,,,,,,,,,,,,,,
53,,,,,,,,,,,,,,,,,,,
37,,,,,,,,,,,,,,,,,,,
15,,,,,,,,,,,,,,,,,,,
76,,,,,,,,,,,,,,,,,,,
57,,,,,,,,,,,,,,,,,,,
26,,,,,,,,,,,,,,,,,,,
79,,,,,,,,,,,,,,,,,,,
44,,,,,,,,,,,,,,,,,,,
46,,,,,,,,,,,,,,,,,,,
64,,,,,,,,,,,,,,,,,,,
58,,,,,,,,,,,,,,,,,,,
25,,,,,,,,,,,,,,,,,,,
67,,,,,,,,,,,,,,,,,,,
43,,,,,,,,,,,,,,,,,,,
71,,,,,,,,,,,,,,,,,,,
48,,,,,,,,,,,,,,,,,,,
72,,,,,,,,,,,,,,,,,,,
62,,,,,,,,,,,,,,,,,,,
74,,,,,,,,,,,,,,,,,,,
53,,,,,,,,,,,,,,,,,,,
95,,,,,,,,,,,,,,,,,,,
89,,,,,,,,,,,,,,,,,,,
65,,,,,,,,,,,,,,,,,,,
41,,,,,,,,,,,,,,,,,,,
83,,,,,,,,,,,,,,,,,,,
42,,,,,,,,,,,,,,,,,,,
9,,,,,,,,,,,,,,,,,,,
79,,,,,,,,,,,,,,,,,,,
52,,,,,,,,,,,,,,,,,,,
93,,,,,,,,,,,,,,,,,,,
5,,,,,,,,,,,,,,,,,,,
54,,,,,,,,,,,,,,,,,,,
0,,,,,,,,,,,,,,,,,,,
56,,,,,,,,,,,,,,,,,,,
49,,,,,,,,,,,,,,,,,,,
66,,,,,,,,,,,,,,,,,,,
46,,,,,,,,,,,,,,,,,,,
71,,,,,,,,,,,,,,,,,,,
22,,,,,,,,,,,,,,,,,,,
47,,,,,,,,,,,,,,,,,,,
27,,,,,,,,,,,,,,,,,,,
78,,,,,,,,,,,,,,,,,,,
87,,,,,,,,,,,,,,,,,,,
14,,,,,,,,,,,,,,,,,,,
59,,,,,,,,,,,,,,,,,,,
43,,,,,,,,,,,,,,,,,,,
57,,,,,,,,,,,,,,,,,,,
4,,,,,,,,,,,,,,,,,,,
68,,,,,,,,,,,,,,,,,,,
93,,,,,,,,,,,,,,,,,,,
52,,,,,,,,,,,,,,,,,,,
85,,,,,,,,,,,,,,,,,,,
65,,,,,,,,,,,,,,,,,,,
45,,,,,,,,,,,,,,,,,,,
53,,,,,,,,,,,,,,,,,,,
11,,,,,,,,,,,,,,,,,,,
72,,,,,,,,,,,,,,,,,,,
74,,,,,,,,,,,,,,,,,,,
40,,,,,,,,,,,,,,,,,,,
15,,,,,,,,,,,,,,,,,,,
17,,,,,,,,,,,,,,,,,,,
0,,,,,,,,,,,,,,,,,,,
39,,,,,,,,,,,,,,,,,,,
53,,,,,,,,,,,,,,,,,,,
6,,,,,,,,,,,,,,,,,,,
51,,,,,,,,,,,,,,,,,,,
72,,,,,,,,,,,,,,,,,,,
11,,,,,,,,,,,,,,,,,,,
41,,,,,,,,,,,,,,,,,,,
52,,,,,,,,,,,,,,,,,,,
49,,,,,,,,,,,,,,,,,,,
1,,,,,,,,,,,,,,,,,,,
40,,,,,,,,,,,,,,,,,,,
74,,,,,,,,,,,,,,,,,,,
73,,,,,,,,,,,,,,,,,,,
17,,,,,,,,,,,,,,,,,,,
2,,,,,,,,,,,,,,,,,,,
98,,,,,,,,,,,,,,,,,,,
29,,,,,,,,,,,,,,,,,,,
40,,,,,,,,,,,,,,,,,,,
32,,,,,,,,,,,,,,,,,,,
52,,,,,,,,,,,,,,,,,,,
11,,,,,,,,,,,,,,,,,,,
59,,,,,,,,,,,,,,,,,,,
88,,,,,,,,,,,,,,,,,,,
20,,,,,,,,,,,,,,,,,,,
36,,,,,,,,,,,,,,,,,,,
55,,,,,,,,,,,,,,,,,,,
3,,,,,,,,,,,,,,,,,,,
85,,,,,,,,,,,,,,,,,,,
94,,,,,,,,,,,,,,,,,,,
72,,,,,,,,,,,,,,,,,,,
78,,,,,,,,,,,,,,,,,,,
7,,,,,,,,,,,,,,,,,,,
30,,,,,,,,,,,,,,,,,,,
27,,,,,,,,,,,,,,,,,,,
86,,,,,,,,,,,,,,,,,,,
81,,,,,,,,,,,,,,,,,,,
55,,,,,,,,,,,,,,,,,,,
8,,,,,,,,,,,,,,,,,,,
18,,,,,,,,,,,,,,,,,,,
46,,,,,,,,,,,,,,,,,,,
10,,,,,,,,,,,,,,,,,,,
63,,,,,,,,,,,,,,,,,,,
91,,,,,,,,,,,,,,,,,,,
51,,,,,,,,,,,,,,,,,,,
92,,,,,,,,,,,,,,,,,,,
91,,,,,,,,,,,,,,,,,,,
19,,,,,,,,,,,,,,,,,,,
83,,,,,,,,,,,,,,,,,,,
9,,,,,,,,,,,,,,,,,,,
21,,,,,,,,,,,,,,,,,,,
45,,,,,,,,,,,,,,,,,,,
0,,,,,,,,,,,,,,,,,,,
30,,,,,,,,,,,,,,,,,,,
12,,,,,,,,,,,,,,,,,,,
36,,,,,,,,,,,,,,,,,,,
80,,,,,,,,,,,,,,,,,,,
65,,,,,,,,,,,,,,,,,,,
33,,,,,,,,,,,,,,,,,,,
62,,,,,,,,,,,,,,,,,,,
17,,,,,,,,,,,,,,,,,,,
8,,,,,,,,,,,,,,,,,,,
56,,,,,,,,,,,,,,,,,,,
58,,,,,,,,,,,,,,,,,,,
77,,,,,,,,,,,,,,,,,,,
70,,,,,,,,,,,,,,,,,,,
33,,,,,,,,,,,,,,,,,,,
44,,,,,,,,,,,,,,,,,,,
46,,,,,,,,,,,,,,,,,,,
31,,,,,,,,,,,,,,,,,,,
68,,,,,,,,,,,,,,,,,,,
43,,,,,,,,,,,,,,,,,,,
21,,,,,,,,,,,,,,,,,,,
69,,,,,,,,,,,,,,,,,,,
33,,,,,,,,,,,,,,,,,,,
42,,,,,,,,,,,,,,,,,,,
48,,,,,,,,,,,,,,,,,,,
15,,,,,,,,,,,,,,,,,,,
84,,,,,,,,,,,,,,,,,,,
75,,,,,,,,,,,,,,,,,,,
45,,,,,,,,,,,,,,,,,,,
83,,,,,,,,,,,,,,,,,,,
67,,,,,,,,,,,,,,,,,,,
23,,,,,,,,,,,,,,,,,,,
20,,,,,,,,,,,,,,,,,,,
74,,,,,,,,,,,,,,,,,,,
78,,,,,,,,,,,,,,,,,,,
24,,,,,,,,,,,,,,,,,,,
18,,,,,,,,,,,,,,,,,,,
38,,,,,,,,,,,,,,,,,,,
53,,,,,,,,,,,,,,,,,,,
16,,,,,,,,,,,,,,,,,,,
69,,,,,,,,,,,,,,,,,,,
93,,,,,,,,,,,,,,,,,,,
48,,,,,,,,,,,,,,,,,,,
38,,,,,,,,,,,,,,,,,,,
1,,,,,,,,,,,,,,,,,,,
52,,,,,,,,,,,,,,,,,,,
14,,,,,,,,,,,,,,,,,,,
81,,,,,,,,,,,,,,,,,,,
59,,,,,,,,,,,,,,,,,,,
94,,,,,,,,,,,,,,,,,,,
20,,,,,,,,,,,,,,,,,,,
52,,,,,,,,,,,,,,,,,,,
41,,,,,,,,,,,,,,,,,,,
78,,,,,,,,,,,,,,,,,,,
24,,,,,,,,,,,,,,,,,,,
78,,,,,,,,,,,,,,,,,,,
44,,,,,,,,,,,,,,,,,,,
17,,,,,,,,,,,,,,,,,,,
88,,,,,,,,,,,,,,,,,,,
12,,,,,,,,,,,,,,,,,,,
81,,,,,,,,,,,,,,,,,,,
5,,,,,,,,,,,,,,,,,,,
64,,,,,,,,,,,,,,,,,,,
34,,,,,,,,,,,,,,,,,,,
88,,,,,,,,,,,,,,,,,,,
80,,,,,,,,,,,,,,,,,,,
85,,,,,,,,,,,,,,,,,,,
50,,,,,,,,,,,,,,,,,,,
92,,,,,,,,,,,,,,,,,,,
56,,,,,,,,,,,,,,,,,,,
26,,,,,,,,,,,,,,,,,,,
8,,,,,,,,,,,,,,,,,,,
25,,,,,,,,,,,,,,,,,,,
52,,,,,,,,,,,,,,,,,,,
21,,,,,,,,,,,,,,,,,,,
75,,,,,,,,,,,,,,,,,,,
68,,,,,,,,,,,,,,,,,,,
95,,,,,,,,,,,,,,,,,,,
88,,,,,,,,,,,,,,,,,,,
43,,,,,,,,,,,,,,,,,,,
1,,,,,,,,,,,,,,,,,,,
3,,,,,,,,,,,,,,,,,,,
16,,,,,,,,,,,,,,,,,,,
51,,,,,,,,,,,,,,,,,,,
10,,,,,,,,,,,,,,,,,,,
15,,,,,,,,,,,,,,,,,,,
82,,,,,,,,,,,,,,,,,,,
42,,,,,,,,,,,,,,,,,,,
50,,,,,,,,,,,,,,,,,,,
47,,,,,,,,,,,,,,,,,,,
80,,,,,,,,,,,,,,,,,,,
48,,,,,,,,,,,,,,,,,,,
50,,,,,,,,,,,,,,,,,,,
88,,,,,,,,,,,,,,,,,,,
35,,,,,,,,,,,,,,,,,,,
11,,,,,,,,,,,,,,,,,,,
76,,,,,,,,,,,,,,,,,,,
14,,,,,,,,,,,,,,,,,,,
50,,,,,,,,,,,,,,,,,,,
21,,,,,,,,,,,,,,,,,,,
14,,,,,,,,,,,,,,,,,,,
64,,,,,,,,,,,,,,,,,,,
36,,,,,,,,,,,,,,,,,,,
3,,,,,,,,,,,,,,,,,,,
15,,,,,,,,,,,,,,,,,,,
12,,,,,,,,,,,,,,,,,,,
74,,,,,,,,,,,,,,,,,,,
89,,,,,,,,,,,,,,,,,,,
4,,,,,,,,,,,,,,,,,,,
96,,,,,,,,,,,,,,,,,,,
10,,,,,,,,,,,,,,,,,,,
49,,,,,,,,,,,,,,,,,,,
29,,,,,,,,,,,,,,,,,,,
92,,,,,,,,,,,,,,,,,,,
11,,,,,,,,,,,,,,,,,,,
25,,,,,,,,,,,,,,,,,,,
89,,,,,,,,,,,,,,,,,,,
13,,,,,,,,,,,,,,,,,,,
71,,,,,,,,,,,,,,,,,,,
73,,,,,,,,,,,,,,,,,,,
98,,,,,,,,,,,,,,,,,,,
43,,,,,,,,,,,,,,,,,,,
47,,,,,,,,,,,,,,,,,,,
92,,,,,,,,,,,,,,,,,,,
76,,,,,,,,,,,,,,,,,,,
78,,,,,,,,,,,,,,,,,,,
58,,,,,,,,,,,,,,,,,,,
84,,,,,,,,,,,,,,,,,,,
17,,,,,,,,,,,,,,,,,,,
57,,,,,,,,,,,,,,,,,,,
46,,,,,,,,,,,,,,,,,,,
54,,,,,,,,,,,,,,,,,,,
92,,,,,,,,,,,,,,,,,,,
67,,,,,,,,,,,,,,,,,,,
76,,,,,,,,,,,,,,,,,,,
37,,,,,,,,,,,,,,,,,,,
14,,,,,,,,,,,,,,,,,,,
60,,,,,,,,,,,,,,,,,,,
83,,,,,,,,,,,,,,,,,,,
98,,,,,,,,,,,,,,,,,,,
88,,,,,,,,,,,,,,,,,,,
93,,,,,,,,,,,,,,,,,,,
85,,,,,,,,,,,,,,,,,,,
54,,,,,,,,,,,,,,,,,,,
37,,,,,,,,,,,,,,,,,,,
78,,,,,,,,,,,,,,,,,,,
66,,,,,,,,,,,,,,,,,,,
5,,,,,,,,,,,,,,,,,,,
77,,,,,,,,,,,,,,,,,,,
57,,,,,,,,,,,,,,,,,,,
22,,,,,,,,,,,,,,,,,,,
63,,,,,,,,,,,,,,,,,,,
90,,,,,,,,,,,,,,,,,,,
24,,,,,,,,,,,,,,,,,,,
70,,,,,,,,,,,,,,,,,,,
71,,,,,,,,,,,,,,,,,,,
64,,,,,,,,,,,,,,,,,,,
44,,,,,,,,,,,,,,,,,,,
27,,,,,,,,,,,,,,,,,,,
37,,,,,,,,,,,,,,,,,,,
54,,,,,,,,,,,,,,,,,,,
90,,,,,,,,,,,,,,,,,,,
19,,,,,,,,,,,,,,,,,,,
47,,,,,,,,,,,,,,,,,,,
97,,,,,,,,,,,,,,,,,,,
56,,,,,,,,,,,,,,,,,,,
4,,,,,,,,,,,,,,,,,,,
9,,,,,,,,,,,,,,,,,,,
16,,,,,,,,,,,,,,,,,,,
74,,,,,,,,,,,,,,,,,,,
58,,,,,,,,,,,,,,,,,,,
76,,,,,,,,,,,,,,,,,,,
30,,,,,,,,,,,,,,,,,,,
73,,,,,,,,,,,,,,,,,,,
85,,,,,,,,,,,,,,,,,,,
5,,,,,,,,,,,,,,,,,,,
58,,,,,,,,,,,,,,,,,,,
93,,,,,,,,,,,,,,,,,,,
55,,,,,,,,,,,,,,,,,,,
45,,,,,,,,,,,,,,,,,,,
59,,,,,,,,,,,,,,,,,,,
53,,,,,,,,,,,,,,,,,,,
7,,,,,,,,,,,,,,,,,,,
7,,,,,,,,,,,,,,,,,,,
35,,,,,,,,,,,,,,,,,,,
83,,,,,,,,,,,,,,,,,,,
11,,,,,,,,,,,,,,,,,,,
68,,,,,,,,,,,,,,,,,,,
44,,,,,,,,,,,,,,,,,,,
52,,,,,,,,,,,,,,,,,,,
20,,,,,,,,,,,,,,,,,,,
70,,,,,,,,,,,,,,,,,,,
33,,,,,,,,,,,,,,,,,,,
93,,,,,,,,,,,,,,,,,,,
91,,,,,,,,,,,,,,,,,,,
45,,,,,,,,,,,,,,,,,,,
21,,,,,,,,,,,,,,,,,,,
38,,,,,,,,,,,,,,,,,,,
4,,,,,,,,,,,,,,,,,,,
81,,,,,,,,,,,,,,,,,,,
21,,,,,,,,,,,,,,,,,,,
4,,,,,,,,,,,,,,,,,,,
36,,,,,,,,,,,,,,,,,,,
50,,,,,,,,,,,,,,,,,,,
46,,,,,,,,,,,,,,,,,,,
93,,,,,,,,,,,,,,,,,,,
33,,,,,,,,,,,,,,,,,,,
64,,,,,,,,,,,,,,,,,,,
39,,,,,,,,,,,,,,,,,,,
65,,,,,,,,,,,,,,,,,,,
13,,,,,,,,,,,,,,,,,,,
71,,,,,,,,,,,,,,,,,,,
36,,,,,,,,,,,,,,,,,,,
29,,,,,,,,,,,,,,,,,,,
78,,,,,,,,,,,,,,,,,,,
1,,,,,,,,,,,,,,,,,,,
83,,,,,,,,,,,,,,,,,,,
12,,,,,,,,,,,,,,,,,,,
59,,,,,,,,,,,,,,,,,,,
61,,,,,,,,,,,,,,,,,,,
92,,,,,,,,,,,,,,,,,,,
36,,,,,,,,,,,,,,,,,,,
12,,,,,,,,,,,,,,,,,,,
11,,,,,,,,,,,,,,,,,,,
54,,,,,,,,,,,,,,,,,,,
88,,,,,,,,,,,,,,,,,,,
43,,,,,,,,,,,,,,,,,,,
84,,,,,,,,,,,,,,,,,,,
82,,,,,,,,,,,,,,,,,,,
87,,,,,,,,,,,,,,,,,,,
31,,,,,,,,,,,,,,,,,,,
67,,,,,,,,,,,,,,,,,,,
36,,,,,,,,,,,,,,,,,,,
74,,,,,,,,,,,,,,,,,,,
24,,,,,,,,,,,,,,,,,,,
2,,,,,,,,,,,,,,,,,,,
64,,,,,,,,,,,,,,,,,,,
4,,,,,,,,,,,,,,,,,,,
8,,,,,,,,,,,,,,,,,,,
42,,,,,,,,,,,,,,,,,,,
50,,,,,,,,,,,,,,,,,,,
94,,,,,,,,,,,,,,,,,,,
29,,,,,,,,,,,,,,,,,,,
79,,,,,,,,,,,,,,,,,,,
39,,,,,,,,,,,,,,,,,,,
49,,,,,,,,,,,,,,,,,,,
81,,,,,,,,,,,,,,,,,,,
4,,,,,,,,,,,,,,,,,,,
15,,,,,,,,,,,,,,,,,,,
90,,,,,,,,,,,,,,,,,,,
62,,,,,,,,,,,,,,,,,,,
9,,,,,,,,,,,,,,,,,,,
26,,,,,,,,,,,,,,,,,,,
90,,,,,,,,,,,,,,,,,,,
36,,,,,,,,,,,,,,,,,,,
85,,,,,,,,,,,,,,,,,,,
39,,,,,,,,,,,,,,,,,,,
25,,,,,,,,,,,,,,,,,,,
96,,,,,,,,,,,,,,,,,,,
5,,,,,,,,,,,,,,,,,,,
97,,,,,,,,,,,,,,,,,,,
96,,,,,,,,,,,,,,,,,,,
82,,,,,,,,,,,,,,,,,,,
99,,,,,,,,,,,,,,,,,,,
81,,,,,,,,,,,,,,,,,,,
93,,,,,,,,,,,,,,,,,,,
82,,,,,,,,,,,,,,,,,,,
62,,,,,,,,,,,,,,,,,,,
5,,,,,,,,,,,,,,,,,,,
23,,,,,,,,,,,,,,,,,,,
84,,,,,,,,,,,,,,,,,,,
26,,,,,,,,,,,,,,,,,,,
51,,,,,,,,,,,,,,,,,,,
64,,,,,,,,,,,,,,,,,,,
11,,,,,,,,,,,,,,,,,,,
45,,,,,,,,,,,,,,,,,,,
7,,,,,,,,,,,,,,,,,,,
33,,,,,,,,,,,,,,,,,,,
19,,,,,,,,,,,,,,,,,,,
52,,,,,,,,,,,,,,,,,,,
7,,,,,,,,,,,,,,,,,,,
86,,,,,,,,,,,,,,,,,,,
16,,,,,,,,,,,,,,,,,,,
39,,,,,,,,,,,,,,,,,,,
72,,,,,,,,,,,,,,,,,,,
22,,,,,,,,,,,,,,,,,,,
88,,,,,,,,,,,,,,,,,,,
93,,,,,,,,,,,,,,,,,,,
85,,,,,,,,,,,,,,,,,,,
86,,,,,,,,,,,,,,,,,,,
10,,,,,,,,,,,,,,,,,,,
39,,,,,,,,,,,,,,,,,,,
8,,,,,,,,,,,,,,,,,,,
3,,,,,,,,,,,,,,,,,,,
92,,,,,,,,,,,,,,,,,,,
1,,,,,,,,,,,,,,,,,,,
12,,,,,,,,,,,,,,,,,,,
77,,,,,,,,,,,,,,,,,,,
98,,,,,,,,,,,,,,,,,,,
93,,,,,,,,,,,,,,,,,,,
67,,,,,,,,,,,,,,,,,,,
19,,,,,,,,,,,,,,,,,,,
99,,,,,,,,,,,,,,,,,,,
39,,,,,,,,,,,,,,,,,,,
53,,,,,,,,,,,,,,,,,,,
36,,,,,,,,,,,,,,,,,,,
5,,,,,,,,,,,,,,,,,,,
9,,,,,,,,,,,,,,,,,,,
79,,,,,,,,,,,,,,,,,,,
91,,,,,,,,,,,,,,,,,,,
78,,,,,,,,,,,,,,,,,,,
6,,,,,,,,,,,,,,,,,,,
53,,,,,,,,,,,,,,,,,,,
91,,,,,,,,,,,,,,,,,,,
98,,,,,,,,,,,,,,,,,,,
11,,,,,,,,,,,,,,,,,,,
80,,,,,,,,,,,,,,,,,,,
43,,,,,,,,,,,,,,,,,,,
74,,,,,,,,,,,,,,,,,,,
6,,,,,,,,,,,,,,,,,,,
52,,,,,,,,,,,,,,,,,,,
36,,,,,,,,,,,,,,,,,,,
24,,,,,,,,,,,,,,,,,,,
66,,,,,,,,,,,,,,,,,,,
13,,,,,,,,,,,,,,,,,,,
45,,,,,,,,,,,,,,,,,,,
65,,,,,,,,,,,,,,,,,,,
48,,,,,,,,,,,,,,,,,,,
72,,,,,,,,,,,,,,,,,,,
57,,,,,,,,,,,,,,,,,,,
33,,,,,,,,,,,,,,,,,,,
77,,,,,,,,,,,,,,,,,,,
82,,,,,,,,,,,,,,,,,,,
73,,,,,,,,,,,,,,,,,,,
85,,,,,,,,,,,,,,,,,,,
88,,,,,,,,,,,,,,,,,,,
34,,,,,,,,,,,,,,,,,,,
24,,,,,,,,,,,,,,,,,,,
33,,,,,,,,,,,,,,,,,,,
36,,,,,,,,,,,,,,,,,,,
17,,,,,,,,,,,,,,,,,,,
26,,,,,,,,,,,,,,,,,,,
14,,,,,,,,,,,,,,,,,,,
94,,,,,,,,,,,,,,,,,,,
8,,,,,,,,,,,,,,,,,,,
51,,,,,,,,,,,,,,,,,,,
86,,,,,,,,,,,,,,,,,,,
64,,,,,,,,,,,,,,,,,,,
52,,,,,,,,,,,,,,,,,,,
81,,,,,,,,,,,,,,,,,,,
21,,,,,,,,,,,,,,,,,,,
69,,,,,,,,,,,,,,,,,,,
50,,,,,,,,,,,,,,,,,,,
92,,,,,,,,,,,,,,,,,,,
41,,,,,,,,,,,,,,,,,,,
78,,,,,,,,,,,,,,,,,,,
42,,,,,,,,,,,,,,,,,,,
33,,,,,,,,,,,,,,,,,,,
26,,,,,,,,,,,,,,,,,,,
8,,,,,,,,,,,,,,,,,,,
18,,,,,,,,,,,,,,,,,,,
57,,,,,,,,,,,,,,,,,,,
37,,,,,,,,,,,,,,,,,,,
69,,,,,,,,,,,,,,,,,,,
58,,,,,,,,,,,,,,,,,,,
48,,,,,,,,,,,,,,,,,,,
24,,,,,,,,,,,,,,,,,,,
27,,,,,,,,,,,,,,,,,,,
6,,,,,,,,,,,,,,,,,,,
10,,,,,,,,,,,,,,,,,,,
24,,,,,,,,,,,,,,,,,,,
3,,,,,,,,,,,,,,,,,,,
57,,,,,,,,,,,,,,,,,,,
38,,,,,,,,,,,,,,,,,,,
89,,,,,,,,,,,,,,,,,,,
26,,,,,,,,,,,,,,,,,,,
22,,,,,,,,,,,,,,,,,,,
30,,,,,,,,,,,,,,,,,,,
5,,,,,,,,,,,,,,,,,,,
9,,,,,,,,,,,,,,,,,,,
59,,,,,,,,,,,,,,,,,,,
1,,,,,,,,,,,,,,,,,,,
96,,,,,,,,,,,,,,,,,,,
91,,,,,,,,,,,,,,,,,,,
36,,,,,,,,,,,,,,,,,,,
11,,,,,,,,,,,,,,,,,,,
27,,,,,,,,,,,,,,,,,,,
90,,,,,,,,,,,,,,,,,,,
32,,,,,,,,,,,,,,,,,,,
54,,,,,,,,,,,,,,,,,,,
93,,,,,,,,,,,,,,,,,,,
1,,,,,,,,,,,,,,,,,,,
98,,,,,,,,,,,,,,,,,,,
25,,,,,,,,,,,,,,,,,,,
65,,,,,,,,,,,,,,,,,,,
7,,,,,,,,,,,,,,,,,,,
89,,,,,,,,,,,,,,,,,,,
92,,,,,,,,,,,,,,,,,,,
